submittedAt,customerName,customerEmail,description,status,closedAt,employee
2016-07-22T23:39:04.141Z,Mr. Nulfo,Bruce@Arren.com,brains right merely where Drawing consequences creature screen without addressing,closed,2016-07-24T11:06:58.953Z,Sebastian
2016-05-24T22:57:16.716Z,Lawerencio,Lacie@Donya.com,glorious engraved brilliant: aloud again really straw since especially uttering,closed,2016-06-13T12:30:27.786Z,Mr. Polito
2015-04-03T21:25:10.277Z,Arvey,Ancy@Rmelo.com,nothing minutes injured consultation heels caused magic accent commanded: object,open,,Mr. Usterling
2016-04-05T00:52:01.696Z,Ndriannon,Dale@Kylie.org,asleep below efforts increased pushing faithful Pumpkinhead regained replied turning,open,,Igel
2016-06-01T17:46:37.721Z,Iroko,Fabiola@Nthia.org,stranger pocket pleased Perhaps Really educated Woodman transformations orange-red Soldier,open,,Errancis
2015-10-05T06:54:50.466Z,Obie,Odolfo@Izetta.pizza,mounted change Drawing slowly toward Emperor cried asked ceased happened,open,,Ms. Orah
2015-10-31T07:30:27.314Z,Julee,Valaritza@Idel.com,things turned remained could judge assistance produce tired Pumpkinhead immediately,closed,2016-05-24T22:42:49.005Z,Arshall
2016-03-14T18:29:39.686Z,Ulema,Kasey@Olen.pizza,asserted toward believe Mombi first Soldier tedious green first horizontal,closed,2016-07-09T08:02:07.998Z,Lili
2015-10-20T04:58:34.655Z,Edia,Aymund@Elby.org,sun's Woodman breath before meeting Won't exclaimed again their without,open,,Hilton
2015-08-28T19:51:10.952Z,Omoko,Lemuel@Igna.com,tried tremendous Scarecrow Dorothy Princess Scarecrow began politely knotty Emerald,open,,Mr. Ston
2015-10-17T02:55:42.322Z,Mr. Leandro,Pina@Oney.org,startled thought walls easily adventure still friend seven while youth,closed,2016-04-06T22:59:01.843Z,Nsuelo
2016-07-25T07:49:28.552Z,Ines,Keri@Omeo.org,understood opened forty shook alive? moment toward royal Scarecrow things,closed,2016-07-27T03:45:02.211Z,Arter
2015-07-31T08:50:10.535Z,Many,Rwin@Osendon.com,father alive? cushions shook found palace Guardian impostor makes understand,closed,2016-01-14T09:58:25.632Z,Kenton
2016-01-24T10:19:12.623Z,Sir Jake,Aryl@Macy.com,deliver Woodman's began support palace highly-magnified after might bunches fashion,closed,2016-02-22T03:44:08.964Z,Mason
2015-09-04T15:06:04.371Z,Nell,Yako@Herron.pizza,What'll there Gracious Scarecrow Scarecrow Mombi Pumpkinhead Drawing glare command,closed,2015-10-18T08:53:24.265Z,Ms. Toya
2015-09-26T20:28:12.916Z,Londa,Ammad@Ibel.pizza,after magic required distance backward large under peaceful everything think,closed,2016-05-08T15:32:40.565Z,Over
2015-04-26T05:11:30.921Z,Mr. Major,Eathalia@Arod.pizza,Soldier second-best time? friend bushy Scarecrow spoil Yeowa which gossamer,open,,Stheryn
2016-07-27T03:42:31.510Z,Mr. Redric,Neloren@Enrique.com,pleased gained decided tenth magical proper where allowed acknowledge reach,closed,2016-07-30T00:23:34.919Z,Jovita
2016-02-16T20:12:02.839Z,Eticia,Einald@Aldine.org,outside considered General condescending oppressive around heavens fearing satisfied enough,closed,2016-07-31T07:23:46.524Z,Rthur
2016-06-07T10:52:43.553Z,Ms. Eonna,Topher@Tobias.org,occurs enough curling greatly short tearing years through agreed during,closed,2016-06-27T02:31:25.604Z,Nville
2016-04-19T12:19:15.935Z,Awnya,Udolph@Bryanna.org,There silent green thought Munchkin began replied burned valuable hesitated,closed,2016-07-31T11:11:44.479Z,Katina
2015-09-18T13:20:47.333Z,Mr. Ement,Phen@Akeshia.pizza,Woodman pride alive except great pleasure Public handsome first Majesty,closed,2015-11-12T06:51:07.827Z,Ms. Setta
2015-07-20T18:39:49.462Z,Mr. Vatore,Hilton@Uiana.pizza,should apart Glinda suspect neither assisted alarmed Woodman mighty startling,closed,2015-08-09T14:31:58.645Z,Cody
2015-03-14T01:29:09.723Z,Mr. Jack,Lita@Dyth.com,magic therefore surprised tents answered horse-and-buggy advice prepared anxiously danger,closed,2015-04-19T22:59:30.528Z,Guyet
2015-09-28T12:04:08.351Z,Anilo,Xwell@Ebora.pizza,informed newest prominent Pumpkinhead decayed commanded receive could mount every,closed,2016-03-10T22:25:29.497Z,Cesco
2015-11-26T06:00:26.013Z,Mr. Delbertram,Trell@Brosendon.org,lovely brown indeed wrinkled polishing thing creature flames forget sounded,closed,2015-12-23T22:11:09.506Z,Ms. Wnya
2015-03-15T01:55:13.625Z,Encio,Umbers@Oises.pizza,attention politely walked rubbish Pumpkinhead friends bring helpless Pumpkinhead regain,open,,Erdre
2016-04-09T16:55:32.395Z,Atelian,Rroll@Alph.org,obedient broke swung Scarecrow great weapons spiced Line-Art While stopping,closed,2016-05-12T07:23:04.169Z,Ms. Rrin
2015-08-07T19:00:19.019Z,Ivan,Guel@Berniece.com,hills stone Saw-Horse judge rescued grass going resume present wrong,open,,Mrs. Renay
2016-03-02T08:30:18.486Z,Stobal,Xter@Mirna.org,Pumpkinhead Drawing marry decision seventeen place bracelets Saw-Horse fiery toward,closed,2016-04-07T05:39:16.800Z,Hung
2016-04-26T12:18:28.532Z,Srta. Lique,Vonneth@Joeannalisa.org,paused contrary means CAUGHT dumped remain terribly riders disturb immediately,closed,2016-07-10T22:07:44.877Z,Mr. Young
2015-08-23T03:53:22.530Z,Drew,Ncisco@Yuonne.org,creatures quite answered saw-horse along Scarecrow added Sorceress wooden Drawing,open,,Igobertram
2015-10-25T00:38:22.491Z,Evalyn,Ulio@Keith.pizza,Magnified slowly started Mombi thought would search powder therefore crawling,open,,Estefana
2016-06-13T18:16:46.981Z,Even,Rhta@Sworth.pizza,gazed cords girls robbed money turning wasted completed there captured,open,,Isco
2016-07-09T03:03:47.529Z,Lajuana,Ivida@Thew.com,entered personations throat themselves trees about seventeen assisted green girls,closed,2016-07-16T16:07:21.223Z,Racey
2015-09-23T12:11:08.678Z,Twyla,Arnold@Myrna.com,night these shall drawing wicked demands crime enquired Country Woggle-Bug,closed,2015-11-13T22:57:12.639Z,Sanford
2016-04-29T03:46:35.088Z,Saundra,Omeo@Latarsha.pizza,still immense spoil Wizard asked Scarecrow Green rapid carelessly conceived,open,,Osevelt
2016-06-17T14:14:02.773Z,Ms. Nana,Madlyn@Melinett.org,fashion fairly magic avail filled party seemed comrade Pumpkinhead won't,closed,2016-06-25T06:18:33.754Z,Elecia
2016-04-13T00:36:51.040Z,Liam,Edia@Inocencia.org,every personage unless remarkably picked entire pleased clung backward Scarecrow,closed,2016-05-13T15:45:13.851Z,Mr. Tobal
2016-03-26T08:29:23.583Z,Ebbie,Otelina@Porfirio.com,below think great crowd playmates scenes length rider between cried,closed,2016-06-09T15:23:19.875Z,Sr. Lionel
2015-01-09T19:07:46.557Z,Hanitra,Miro@Forrest.org,things could DIAMOND little quite resemble exclaimed personage comical containing,open,,Tione
2015-02-25T22:40:38.371Z,Mr. Ellsworth,Pearly@Hong.org,their months ought Scarecrow become Scarecrow creature nothing granted Scarecrow,closed,2016-07-09T08:39:30.285Z,Ttyannamar
2016-06-23T14:49:29.549Z,Ms. Hlia,Lorethea@Rocky.com,given probably taken Wizard mutttered seizing magic dummy Glinda called,closed,2016-07-30T23:49:27.799Z,Yadira
2015-09-03T01:11:16.974Z,Ms. Ssaundra,Lexis@Dante.org,baskets command Glinda carry escapes about silence little ordained before,closed,2016-03-26T06:28:39.988Z,Geannah
2015-03-21T09:41:47.662Z,Arcey,Otto@Ortney.org,feared noticed powers Powder Woodman four-horned pepper-box before faithful throne,open,,Quentino
2015-01-21T23:30:51.188Z,Lett,Novannie@Itia.pizza,What's remarkably While Line-Art glaring helped magnified? questioned moment's awkward,closed,2015-11-27T12:40:28.648Z,Sir Arwin
2015-08-10T11:59:11.925Z,Ms. Ynda,Alden@Karl.org,turned herself watched pardon intruder Scarecrow Wizard failed three become,open,,Itta
2016-02-29T16:35:27.843Z,Fr. Rlottie,Ayford@Awanna.com,enabled echoed basket surrounded until select beside certainly right toward,closed,2016-04-16T02:00:44.570Z,Ms. Nnon
2015-05-29T15:44:40.695Z,Emeka,Nyetta@Blair.org,panted Woggle-Bug Royal stream gateway funny escape Queen around carved,open,,Ebroah
2015-03-02T07:47:39.617Z,Smael,Gabriel@Asquale.pizza,forget stood difference dissatisfied Majesty Majesty slowly called bearing extermination,closed,2015-12-10T02:20:00.991Z,Ms. Isobel
2015-10-30T17:08:45.102Z,Sisca,Melda@Jacques.pizza,magic reason money said: indeed could should forth invade Scarecrow,closed,2016-01-31T12:02:48.822Z,Mr. Race
2015-07-24T08:12:56.303Z,Ms. Abigail,Urore@Lanett.pizza,firmly crown Mombi's Tip's Saw-Horse resist blood spoken Woggle-Bug Line-Art,closed,2015-08-21T00:35:48.447Z,Wiley
2016-04-15T07:52:01.684Z,Sr. Edict,Ryan@Avis.org,break Wizard young gazed until observed brains destroyed Jackdaws wiser,closed,2016-06-23T12:26:45.663Z,Rrollandon
2015-11-18T01:26:07.171Z,Ms. Hieko,Joey@Nshin.pizza,Saw-Horse defiance minute proceeded Scarecrow trips orders paper required Pumpkinhead,closed,2016-05-23T05:07:34.417Z,Tyron
2016-04-12T08:42:16.255Z,Mr. Rosendon,Udolfo@Toper.com,Griffin's party three gates answered after joints shook never either,closed,2016-06-26T08:01:49.019Z,Audio
2016-05-03T15:53:22.322Z,Mr. Milton,Aylord@Igoberto.com,Revolt better escaped voice Woodman began wisdom disguise build horse,open,,Ms. Aide
2015-08-01T01:12:13.937Z,Joan,Shawanna@Milda.pizza,think cannot good- Scarecrow's wasted Roman Guardian these bearing intention,closed,2016-01-07T17:33:55.957Z,Mr. Ekiel
2015-09-06T21:16:11.820Z,Babettina,Arquis@Ictorina.com,right Remain getting where willing world beside reply pumpkin party,closed,2016-01-31T09:54:52.336Z,Evor
2015-03-07T14:51:44.168Z,Mr. Rval,Novanni@Sidney.org,quite lives courtyard Don't There Excellent mountains matter Green notice,closed,2016-04-22T06:27:12.389Z,Yman
2015-07-14T03:48:18.470Z,Sherwoodrow,Shirley@Hlea.pizza,explain chill country enormous equal named right paper reclining against,closed,2016-03-19T21:22:28.468Z,Cisco
2015-01-29T13:53:03.169Z,Brynn,Ocheliane@Louvenia.org,Scarecrow lively hearted where Scarecrow means color required behind curious,closed,2015-05-05T00:09:06.126Z,Exanderely
2015-03-30T13:44:04.102Z,Sir Eddy,Reba@Almira.org,Mombi Woodman other dressed Pumpkinhead uneasy replied passed WOODEN stolen,open,,Enrique
2015-03-29T19:03:25.918Z,Mr. Onel,Miro@Uale.pizza,while steps Glinda Jack's bother candle turning royalty fallen grass,open,,Giuseppe
2016-04-30T06:09:49.693Z,Hanh,Etcher@Quiel.pizza,attention expression straw never Scarecrow Emperor line-art don't exquisite close,closed,2016-07-30T21:39:05.094Z,Tena
2015-12-18T23:02:24.708Z,Uliss,Ayola@Inah.org,still spent again other helped darted loose hearth quickly heard,open,,Elton
2015-03-08T14:33:51.650Z,Sidy,Svetlana@Dgardo.com,domeshaped gleaming answered every cluttered answered account there's which Queen?,closed,2016-06-05T04:39:06.027Z,Oward
2015-03-02T15:47:44.490Z,Mien,Veva@Lica.pizza,himself Horse serve could said: answered might asked prance young,open,,Ms. Russell
2016-01-05T15:10:37.503Z,Herr Orrison,Odell@Emeka.pizza,Soldier answered passing gravely indeed Witch counting tenth water endeavor,closed,2016-03-29T08:15:32.983Z,Hiram
2015-10-26T23:31:24.434Z,Ijah,Tatia@Llee.pizza,shoes Woodman always quite escape cough proceeded barred Horse being,closed,2016-03-24T07:38:55.833Z,Onalda
2015-10-25T15:09:37.757Z,Trius,Athon@Ilibert.com,Pumpkinhead growing Sorceress ornamented aroused right things Woodman didn't stones,closed,2016-07-14T08:05:57.292Z,Sir Vince
2015-04-21T06:35:47.340Z,Mr. Ouis,Enobia@Serra.pizza,these extermination furious common Scarecrow briskly altogether dripped Pumpkinhead little,open,,Yble
2015-11-20T23:07:15.769Z,Bbye,Eresia@Erisa.pizza,Educated Scarecrow palace knowing around answered never declared lighted softly,open,,M. Speh
2015-03-14T03:21:06.347Z,Ritt,Kazuko@Nelda.org,lower below roots lovely cylinder another Woodman having Won't among,closed,2016-06-22T04:36:59.701Z,Mr. Eggie
2016-06-02T14:40:45.926Z,Nderson,Tionel@Edro.pizza,gossamer start cheerfully distressed composed arose Woggle-Bug order clumsy basket,closed,2016-06-25T09:24:37.866Z,Arma
2015-12-14T17:03:18.353Z,Wilson,Ysses@Uzie.pizza,blown going should interpreter impressed going stupidly Scarecrow rushing Mombi,closed,2016-06-24T04:45:26.280Z,Mr. Essie
2015-10-20T12:16:38.054Z,Shyla,Eric@Sophie.org,asked educated condition again declared searching POWDER Scarecrow overtake quickly,open,,Minica
2016-05-23T13:58:30.003Z,Alfonzo,Pablo@Eisha.com,likewise answered might horse become answered struggle Wonderful difficulty Sorceress,closed,2016-07-26T06:34:59.349Z,Mmett
2015-03-16T23:02:10.296Z,Monty,Islaine@Stuart.com,starting World remained together placed course after having ourselves slender,closed,2015-10-18T15:25:51.501Z,Srta. Diedre
2015-05-20T16:26:36.342Z,Malorita,Usebia@Zebetha.pizza,traded health Woggle-Bug table fastened asked: while smiling serving sitting,closed,2016-03-20T03:41:37.703Z,Tavia
2015-01-26T05:08:01.607Z,Mr. Enjamie,Eneen@Nley.org,mistress scarcely direction stump pumpkin seventeen friends answered accidents Scarecrow's,closed,2015-12-19T13:28:06.841Z,Melba
2015-06-10T07:01:18.648Z,Ms. Luannessa,Erik@Meta.com,think greatest cross dignity murmured broad Jackdaws Glinda running different,open,,Fr. Acque
2015-05-11T17:20:50.553Z,Srta. Vennine,Elmo@Erdelisette.org,stranger startling heels stool horse seemed woman lining manufacture enduring,closed,2015-12-18T04:32:26.724Z,Herr Ante
2015-09-03T12:38:29.743Z,M. Ahmed,Rdan@Weldon.com,Powder knitting-needles months tomorrow breath began frowning remarkable clustered ground,open,,Oleonel
2015-06-12T09:33:56.190Z,Liott,Ancy@Ynellye.pizza,quite Pills smashed confidently Scarecrow golden forest morning ought silence,closed,2015-09-23T05:05:05.531Z,Terricarda
2015-03-30T06:17:11.727Z,Llin,Jaime@Kareemanuel.pizza,Jinjur friends place knows Horse composed Scarecrow himself quoits cover,closed,2015-09-14T15:29:12.266Z,Usita
2015-12-17T10:15:33.194Z,Ntos,Enic@Milford.com,coaxing pieces should pretty travel business-like restrain marched while pepper-box,closed,2016-06-10T17:29:11.682Z,Rory
2015-11-10T05:10:25.397Z,Valen,Ohemi@Bbey.org,inspiring separating screen person behind upward Line-Art business? upward expression,closed,2016-04-30T20:12:07.789Z,Argie
2015-11-07T11:51:35.749Z,Enus,Ernie@Anael.com,throne amazement journey defeated Deposit everything patched doses What'll comrades,open,,Diana
2016-01-12T12:55:13.658Z,Miss Uryn,John@Atalya.pizza,Emerald musingly fairly cried positive within sympathetic Scarecrow others knots,open,,Cyrstal
2015-05-09T17:20:29.863Z,Ms. Yvone,Lysses@Clemente.org,thing still admired chose myself stepped gazing wings ejaculated protect,closed,2016-02-10T04:21:53.072Z,Ucien
2015-07-19T15:01:17.032Z,Fr. Hedy,Justi@Trinidad.org,ruler continued understood inquired Majesty pupils While Woodman their sensible,closed,2016-06-18T05:12:59.055Z,Isey
2015-05-02T15:58:05.117Z,Janyce,Angla@Rhett.com,different another smile emeralds display wings dressed bosom substantial coaxing,closed,2015-12-08T22:58:00.728Z,Eugene
2016-01-04T19:09:45.078Z,Tacey,Robbie@Cisco.pizza,Suppose Saw-Horse discovered small Woodman chosen noble Soldier knowing particular,open,,Dayley
2016-04-23T18:59:31.137Z,Wynellyn,Demarcus@Jude.com,sudden calmly farther Stone rendered 'fool' Let's white Glinda's these,closed,2016-05-21T07:58:17.149Z,Onzo
2015-05-14T11:11:01.660Z,Mr. Ewayne,Riell@Tantone.pizza,cultured answered carefully Glinda puzzled release returned outside suspicious asked,closed,2016-04-26T00:06:01.295Z,Alonso
2015-04-12T23:17:18.253Z,Osamonde,Oneida@Vanettie.com,teach exclaimed Wizard place spoil returned Pumpkinhead reaching howled brought,open,,Mr. Odis
2016-05-25T21:31:22.349Z,Maal,Ally@Ommie.org,voice culture Emerald North anyone breath creature terribly Glinda's color,closed,2016-06-11T19:45:51.362Z,Dore
2015-12-02T16:05:57.815Z,Kasey,Angel@Xiomara.com,morning stiff where rather stuck journey noble caramels Queen Emperor's,closed,2016-01-15T13:40:04.997Z,Dewitt
